1850,01,05,23,57,53
1850,02,04,11,54,30
1850,03,06,06,42,41
1850,04,05,12,36,45
1850,05,06,07,02,32
1850,06,06,12,02,21
1850,07,07,22,35,54
1850,08,08,08,03,46
1850,09,08,10,07,03
1850,10,09,00,37,47
1850,11,08,02,43,21
1850,12,07,18,48,27
1851,01,06,05,46,10
1851,02,04,17,41,52
1851,03,06,12,27,51
1851,04,05,18,18,15
1851,05,06,12,39,54
1851,06,06,17,37,26
1851,07,08,04,12,53
1851,08,08,13,45,57
1851,09,08,15,55,15
1851,10,09,06,30,54
1851,11,08,08,38,50
1851,12,08,00,43,20
1852,01,06,11,38,38
1852,02,04,23,32,16
1852,03,05,18,17,39
1852,04,05,00,09,04
1852,05,05,18,32,29
1852,06,05,23,31,36
1852,07,07,10,08,28
1852,08,07,19,43,01
1852,09,07,21,52,26
1852,10,08,12,26,35
1852,11,07,14,31,57
1852,12,07,06,33,31
1853,01,05,17,26,20
1853,02,04,05,18,36
1853,03,06,00,04,11
1853,04,05,05,57,09
1853,05,06,00,22,24
1853,06,06,05,22,01
1853,07,07,15,57,07
1853,08,08,01,29,19
1853,09,08,03,38,14
1853,10,08,18,13,17
1853,11,07,20,19,56
1853,12,07,12,22,21
1854,01,05,23,15,09
1854,02,04,11,06,53
1854,03,06,05,51,33
1854,04,05,11,42,56
1854,05,06,06,06,10
1854,06,06,11,04,03
1854,07,07,21,37,48
1854,08,08,07,09,06
1854,09,08,09,18,55
1854,10,08,23,57,16
1854,11,08,02,08,39
1854,12,07,18,15,39
1855,01,06,05,11,31
1855,02,04,17,03,36
1855,03,06,11,46,19
1855,04,05,17,35,05
1855,05,06,11,56,24
1855,06,06,16,53,32
1855,07,08,03,27,19
1855,08,08,12,58,04
1855,09,08,15,06,43
1855,10,09,05,44,44
1855,11,08,07,56,34
1855,12,08,00,03,54
1856,01,06,10,59,21
1856,02,04,22,49,57
1856,03,05,17,30,08
1856,04,04,23,16,04
1856,05,05,17,35,25
1856,06,05,22,32,14
1856,07,07,09,08,09
1856,08,07,18,42,50
1856,09,07,20,54,01
1856,10,08,11,31,35
1856,11,07,13,41,50
1856,12,07,05,48,32
1857,01,05,16,44,45
1857,02,04,04,37,06
1857,03,05,23,19,16
1857,04,05,05,06,47
1857,05,05,23,27,17
1857,06,06,04,24,31
1857,07,07,14,59,22
1857,08,08,00,32,38
1857,09,08,02,42,54
1857,10,08,17,19,23
1857,11,07,19,28,21
1857,12,07,11,34,33
1858,01,05,22,32,09
1858,02,04,10,27,46
1858,03,06,05,13,55
1858,04,05,11,04,10
1858,05,06,05,24,33
1858,06,06,10,19,06
1858,07,07,20,49,58
1858,08,08,06,19,05
1858,09,08,08,27,20
1858,10,08,23,04,37
1858,11,08,01,15,22
1858,12,07,17,22,30
1859,01,06,04,19,16
1859,02,04,16,12,23
1859,03,06,10,55,13
1859,04,05,16,42,19
1859,05,06,10,59,54
1859,06,06,15,52,45
1859,07,08,02,24,20
1859,08,08,11,56,19
1859,09,08,14,08,21
1859,10,09,04,49,49
1859,11,08,07,04,15
1859,12,07,23,13,05
1860,01,06,10,09,05
1860,02,04,22,00,10
1860,03,05,16,41,23
1860,04,04,22,28,42
1860,05,05,16,48,53
1860,06,05,21,45,13
1860,07,07,08,19,33
1860,08,07,17,52,44
1860,09,07,20,03,25
1860,10,08,10,41,48
1860,11,07,12,53,24
1860,12,07,05,00,53
1861,01,05,15,56,55
1861,02,04,03,48,31
1861,03,05,22,30,10
1861,04,05,04,17,58
1861,05,05,22,38,59
1861,06,06,03,36,04
1861,07,07,14,09,42
1861,08,07,23,40,45
1861,09,08,01,49,19
1861,10,08,16,25,54
1861,11,07,18,36,14
1861,12,07,10,43,38
1862,01,05,21,40,52
1862,02,04,09,34,21
1862,03,06,04,17,06
1862,04,05,10,03,49
1862,05,06,04,21,48
1862,06,06,09,16,07
1862,07,07,19,48,48
1862,08,08,05,20,35
1862,09,08,07,31,05
1862,10,08,22,10,10
1862,11,08,00,23,02
1862,12,07,16,32,44
1863,01,06,03,31,59
1863,02,04,15,26,54
1863,03,06,10,10,13
1863,04,05,15,56,51
1863,05,06,10,14,23
1863,06,06,15,08,12
1863,07,08,01,41,05
1863,08,08,11,13,43
1863,09,08,13,25,04
1863,10,09,04,04,48
1863,11,08,06,16,55
1863,12,07,22,24,03
1864,01,06,09,19,45
1864,02,04,21,11,18
1864,03,05,15,52,30
1864,04,04,21,38,29
1864,05,05,15,56,20
1864,06,05,20,50,53
1864,07,07,07,25,20
1864,08,07,17,00,47
1864,09,07,19,14,59
1864,10,08,09,55,55
1864,11,07,12,07,54
1864,12,07,04,13,57
1865,01,05,15,08,10
1865,02,04,02,58,32
1865,03,05,21,39,40
1865,04,05,03,27,01
1865,05,05,21,47,22
1865,06,06,02,44,05
1865,07,07,13,18,41
1865,08,07,22,52,59
1865,09,08,01,06,26
1865,10,08,15,47,35
1865,11,07,18,00,34
1865,12,07,10,08,10
1866,01,05,21,03,54
1866,02,04,08,55,33
1866,03,06,03,37,31
1866,04,05,09,25,09
1866,05,06,03,44,59
1866,06,06,08,40,31
1866,07,07,19,13,08
1866,08,08,04,44,26
1866,09,08,06,55,36
1866,10,08,21,37,06
1866,11,07,23,52,30
1866,12,07,16,03,06
1867,01,06,03,00,17
1867,02,04,14,50,18
1867,03,06,09,27,44
1867,04,05,15,09,30
1867,05,06,09,24,01
1867,06,06,14,16,37
1867,07,08,00,50,07
1867,08,08,10,25,08
1867,09,08,12,40,23
1867,10,09,03,25,18
1867,11,08,05,43,40
1867,12,07,21,56,18
1868,01,06,08,54,38
1868,02,04,20,45,05
1868,03,05,15,22,09
1868,04,04,21,03,03
1868,05,05,15,17,27
1868,06,05,20,11,14
1868,07,07,06,46,50
1868,08,07,16,24,05
1868,09,07,18,39,33
1868,10,08,09,21,51
1868,11,07,11,36,24
1868,12,07,03,46,31
1869,01,05,14,44,50
1869,02,04,02,37,28
1869,03,05,21,17,46
1869,04,05,03,01,24
1869,05,05,21,16,43
1869,06,06,02,09,20
1869,07,07,12,41,56
1869,08,07,22,15,39
1869,09,08,00,29,15
1869,10,08,15,10,57
1869,11,07,17,24,44
1869,12,07,09,33,53
1870,01,05,20,32,04
1870,02,04,08,26,01
1870,03,06,03,08,25
1870,04,05,08,52,47
1870,05,06,03,06,08
1870,06,06,07,54,43
1870,07,07,18,23,35
1870,08,08,03,55,28
1870,09,08,06,09,47
1870,10,08,20,54,46
1870,11,07,23,12,53
1870,12,07,15,25,12
1871,01,06,02,24,22
1871,02,04,14,17,44
1871,03,06,08,59,09
1871,04,05,14,43,48
1871,05,06,08,58,47
1871,06,06,13,49,00
1871,07,08,00,18,28
1871,08,08,09,50,00
1871,09,08,12,03,34
1871,10,09,02,48,08
1871,11,08,05,05,57
1871,12,07,21,17,16
1872,01,06,08,14,12
1872,02,04,20,04,13
1872,03,05,14,42,31
1872,04,04,20,25,40
1872,05,05,14,41,24
1872,06,05,19,33,56
1872,07,07,06,05,38
1872,08,07,15,38,28
1872,09,07,17,51,56
1872,10,08,08,35,00
1872,11,07,10,51,16
1872,12,07,03,02,08
1873,01,05,13,59,26
1873,02,04,01,49,53
1873,03,05,20,28,11
1873,04,05,02,11,20
1873,05,05,20,28,00
1873,06,06,01,22,22
1873,07,07,11,55,30
1873,08,07,21,28,16
1873,09,07,23,40,32
1873,10,08,14,21,57
1873,11,07,16,36,59
1873,12,07,08,47,58
1874,01,05,19,47,04
1874,02,04,07,40,16
1874,03,06,02,21,02
1874,04,05,08,05,12
1874,05,06,02,21,07
1874,06,06,07,14,10
1874,07,07,17,46,33
1874,08,08,03,18,35
1874,09,08,05,29,52
1874,10,08,20,10,43
1874,11,07,22,25,41
1874,12,07,14,36,49
1875,01,06,01,35,32
1875,02,04,13,27,09
1875,03,06,08,04,53
1875,04,05,13,44,58
1875,05,06,07,56,24
1875,06,06,12,45,55
1875,07,07,23,18,08
1875,08,08,08,54,15
1875,09,08,11,11,29
1875,10,09,01,57,14
1875,11,08,04,14,36
1875,12,07,20,25,13
1876,01,06,07,21,42
1876,02,04,19,11,04
1876,03,05,13,47,37
1876,04,04,19,27,42
1876,05,05,13,40,28
1876,06,05,18,32,18
1876,07,07,05,07,03
1876,08,07,14,45,35
1876,09,07,17,04,24
1876,10,08,07,50,05
1876,11,07,10,05,52
1876,12,07,02,14,13
1877,01,05,13,08,37
1877,02,04,00,56,57
1877,03,05,19,34,08
1877,04,05,01,16,18
1877,05,05,19,31,15
1877,06,06,00,23,59
1877,07,07,10,57,08
1877,08,07,20,32,20
1877,09,07,22,49,01
1877,10,08,13,35,06
1877,11,07,15,52,43
1877,12,07,08,03,01
1878,01,05,18,58,36
1878,02,04,06,47,08
1878,03,06,01,23,17
1878,04,05,07,02,45
1878,05,06,01,13,38
1878,06,06,06,01,54
1878,07,07,16,31,50
1878,08,08,02,05,42
1878,09,08,04,23,09
1878,10,08,19,12,37
1878,11,07,21,35,33
1878,12,07,13,51,11
1879,01,06,00,50,20
1879,02,04,12,39,29
1879,03,06,07,13,36
1879,04,05,12,50,33
1879,05,06,07,00,20
1879,06,06,11,49,19
1879,07,07,22,21,00
1879,08,08,07,56,40
1879,09,08,10,14,48
1879,10,09,01,04,00
1879,11,08,03,26,26
1879,12,07,19,41,51
1880,01,06,06,40,58
1880,02,04,18,29,53
1880,03,05,13,03,09
1880,04,04,18,38,42
1880,05,05,12,47,11
1880,06,05,17,35,48
1880,07,07,04,08,03
1880,08,07,13,44,51
1880,09,07,16,03,39
1880,10,08,06,51,35
1880,11,07,09,11,55
1880,12,07,01,26,12
1881,01,05,12,25,58
1881,02,04,00,17,00
1881,03,05,18,52,50
1881,04,05,00,30,10
1881,05,05,18,39,01
1881,06,05,23,26,34
1881,07,07,09,56,56
1881,08,07,19,32,02
1881,09,07,21,50,14
1881,10,08,12,38,31
1881,11,07,14,58,59
1881,12,07,07,13,17
1882,01,05,18,14,03
1882,02,04,06,07,44
1882,03,06,00,47,23
1882,04,05,06,28,17
1882,05,06,00,38,48
1882,06,06,05,25,41
1882,07,07,15,53,56
1882,08,08,01,26,22
1882,09,08,03,42,30
1882,10,08,18,30,44
1882,11,07,20,52,53
1882,12,07,13,08,43
1883,01,06,00,09,05
1883,02,04,12,00,10
1883,03,06,06,36,11
1883,04,05,12,13,43
1883,05,06,06,21,36
1883,06,06,11,06,31
1883,07,07,21,34,01
1883,08,08,07,07,40
1883,09,08,09,26,28
1883,10,09,00,17,33
1883,11,08,02,42,01
1883,12,07,18,58,52
1884,01,06,05,58,47
1884,02,04,17,48,24
1884,03,05,12,23,01
1884,04,04,18,00,22
1884,05,05,12,10,12
1884,06,05,16,59,03
1884,07,07,03,30,37
1884,08,07,13,06,26
1884,09,07,15,24,41
1884,10,08,06,13,13
1884,11,07,08,34,40
1884,12,07,00,49,34
1885,01,05,11,49,12
1885,02,03,23,39,53
1885,03,05,18,16,16
1885,04,04,23,55,46
1885,05,05,18,07,48
1885,06,05,22,58,21
1885,07,07,09,30,04
1885,08,07,19,03,52
1885,09,07,21,19,07
1885,10,08,12,05,06
1885,11,07,14,24,57
1885,12,07,06,39,29
1886,01,05,17,39,59
1886,02,04,05,32,13
1886,03,06,00,09,22
1886,04,05,05,47,08
1886,05,05,23,55,07
1886,06,06,04,40,53
1886,07,07,15,09,37
1886,08,08,00,43,24
1886,09,08,03,00,31
1886,10,08,17,48,56
1886,11,07,20,11,07
1886,12,07,12,27,28
1887,01,05,23,29,01
1887,02,04,11,21,30
1887,03,06,05,58,14
1887,04,05,11,35,41
1887,05,06,05,44,04
1887,06,06,10,31,16
1887,07,07,21,02,08
1887,08,08,06,38,47
1887,09,08,08,58,52
1887,10,08,23,48,54
1887,11,08,02,10,09
1887,12,07,18,23,23
1888,01,06,05,20,55
1888,02,04,17,09,54
1888,03,05,11,44,44
1888,04,04,17,22,10
1888,05,05,11,31,35
1888,06,05,16,20,12
1888,07,07,02,52,23
1888,08,07,12,30,01
1888,09,07,14,50,54
1888,10,08,05,41,10
1888,11,07,08,02,01
1888,12,07,00,14,09
1889,01,05,11,10,01
1889,02,03,22,57,16
1889,03,05,17,31,07
1889,04,04,23,08,42
1889,05,05,17,18,57
1889,06,05,22,07,37
1889,07,07,08,38,46
1889,08,07,18,15,01
1889,09,07,20,35,11
1889,10,08,11,26,24
1889,11,07,13,49,27
1889,12,07,06,04,02
1890,01,05,17,01,52
1890,02,04,04,50,08
1890,03,05,23,24,12
1890,04,05,05,01,36
1890,05,05,23,11,45
1890,06,06,04,00,34
1890,07,07,14,31,46
1890,08,08,00,07,21
1890,09,08,02,26,39
1890,10,08,17,18,11
1890,11,07,19,43,32
1890,12,07,12,01,16
1891,01,05,23,00,37
1891,02,04,10,47,10
1891,03,06,05,16,16
1891,04,05,10,46,57
1891,05,06,04,50,56
1891,06,06,09,36,07
1891,07,07,20,06,43
1891,08,08,05,44,28
1891,09,08,08,06,59
1891,10,08,23,01,04
1891,11,08,01,28,07
1891,12,07,17,47,00
1892,01,06,04,47,25
1892,02,04,16,34,55
1892,03,05,11,04,12
1892,04,04,16,33,58
1892,05,05,10,36,45
1892,06,05,15,22,05
1892,07,07,01,54,47
1892,08,07,11,35,02
1892,09,07,13,58,52
1892,10,08,04,52,10
1892,11,07,07,16,44
1892,12,06,23,33,27
1893,01,05,10,33,46
1893,02,03,22,23,30
1893,03,05,16,56,33
1893,04,04,22,29,59
1893,05,05,16,34,37
1893,06,05,21,19,11
1893,07,07,07,49,10
1893,08,07,17,26,06
1893,09,07,19,47,28
1893,10,08,10,39,59
1893,11,07,13,04,29
1893,12,07,05,20,58
1894,01,05,16,21,20
1894,02,04,04,11,57
1894,03,05,22,46,09
1894,04,05,04,19,22
1894,05,05,22,21,16
1894,06,06,03,00,29
1894,07,07,13,24,37
1894,08,07,22,58,13
1894,09,08,01,19,38
1894,10,08,16,14,55
1894,11,07,18,43,45
1894,12,07,11,04,10
1895,01,05,22,06,27
1895,02,04,09,56,57
1895,03,06,04,30,09
1895,04,05,10,03,13
1895,05,06,04,06,41
1895,06,06,08,48,39
1895,07,07,19,14,57
1895,08,08,04,49,38
1895,09,08,07,11,48
1895,10,08,22,07,24
1895,11,08,00,35,45
1895,12,07,16,54,56
1896,01,06,03,55,11
1896,02,04,15,43,03
1896,03,05,10,14,06
1896,04,04,15,46,49
1896,05,05,09,51,54
1896,06,05,14,36,53
1896,07,07,01,05,53
1896,08,07,10,41,05
1896,09,07,13,01,29
1896,10,08,03,54,26
1896,11,07,06,20,42
1896,12,06,22,39,05
1897,01,05,09,39,49
1897,02,03,21,28,33
1897,03,05,16,00,09
1897,04,04,21,33,05
1897,05,05,15,38,12
1897,06,05,20,22,43
1897,07,07,06,51,07
1897,08,07,16,25,31
1897,09,07,18,44,32
1897,10,08,09,36,05
1897,11,07,12,01,42
1897,12,07,04,20,46
1898,01,05,15,23,28
1898,02,04,03,15,04
1898,03,05,21,49,13
1898,04,05,03,23,25
1898,05,05,21,28,46
1898,06,06,02,13,33
1898,07,07,12,42,55
1898,08,07,22,18,44
1898,09,08,00,38,48
1898,10,08,15,30,37
1898,11,07,17,56,15
1898,12,07,10,15,08
1899,01,05,21,16,50
1899,02,04,09,06,20
1899,03,06,03,37,34
1899,04,05,09,08,14
1899,05,06,03,09,52
1899,06,06,07,52,01
1899,07,07,18,20,51
1899,08,08,03,58,56
1899,09,08,06,23,22
1899,10,08,21,19,05
1899,11,07,23,46,12
1899,12,07,16,03,58
1900,01,06,03,03,21
1900,02,04,14,50,54
1900,03,06,09,21,16
1900,04,05,14,52,05
1900,05,06,08,54,37
1900,06,06,13,38,21
1900,07,08,00,09,36
1900,08,08,09,50,01
1900,09,08,12,16,03
1900,10,09,03,12,36
1900,11,08,05,39,09
1900,12,07,21,55,18
1901,01,06,08,52,49
1901,02,04,20,39,17
1901,03,06,15,10,18
1901,04,05,20,43,48
1901,05,06,14,49,50
1901,06,06,19,35,54
1901,07,08,06,07,01
1901,08,08,15,45,33
1901,09,08,18,09,43
1901,10,09,09,05,55
1901,11,08,11,33,58
1901,12,08,03,52,06
1902,01,06,14,51,03
1902,02,05,02,37,37
1902,03,06,21,07,00
1902,04,06,02,36,53
1902,05,06,20,38,15
1902,06,07,01,19,16
1902,07,08,11,45,48
1902,08,08,21,21,43
1902,09,08,23,45,54
1902,10,09,14,44,39
1902,11,08,17,17,14
1902,12,08,09,40,31
1903,01,06,20,43,11
1903,02,05,08,30,46
1903,03,07,02,58,21
1903,04,06,08,25,23
1903,05,07,02,24,52
1903,06,07,07,06,36
1903,07,08,17,36,05
1903,08,09,03,15,18
1903,09,09,05,41,50
1903,10,09,20,41,13
1903,11,08,23,12,52
1903,12,08,15,34,48
1904,01,07,02,36,31
1904,02,05,14,23,37
1904,03,06,08,51,10
1904,04,05,14,18,20
1904,05,06,08,18,05
1904,06,06,13,00,28
1904,07,07,23,31,11
1904,08,08,09,11,22
1904,09,08,11,37,30
1904,10,09,02,35,06
1904,11,08,05,04,30
1904,12,07,21,24,53
1905,01,06,08,26,40
1905,02,04,20,15,21
1905,03,06,14,45,05
1905,04,05,20,14,00
1905,05,06,14,13,36
1905,06,06,18,53,06
1905,07,08,05,19,31
1905,08,08,14,56,28
1905,09,08,17,21,18
1905,10,09,08,19,08
1905,11,08,10,49,18
1905,12,08,03,10,20
1906,01,06,14,12,59
1906,02,05,02,03,26
1906,03,06,20,35,38
1906,04,06,02,06,49
1906,05,06,20,08,00
1906,06,07,00,48,27
1906,07,08,11,14,49
1906,08,08,20,51,06
1906,09,08,23,15,46
1906,10,09,14,14,28
1906,11,08,16,46,26
1906,12,08,09,09,00
1907,01,06,20,10,58
1907,02,05,07,58,21
1907,03,07,02,26,39
1907,04,06,07,54,21
1907,05,07,01,53,09
1907,06,07,06,32,32
1907,07,08,16,58,44
1907,08,09,02,35,32
1907,09,09,05,01,36
1907,10,09,20,02,18
1907,11,08,22,35,52
1907,12,08,14,59,01
1908,01,07,02,00,41
1908,02,05,13,46,49
1908,03,06,08,13,10
1908,04,05,13,39,21
1908,05,06,07,37,55
1908,06,06,12,18,39
1908,07,07,22,47,36
1908,08,08,08,26,19
1908,09,08,10,51,53
1908,10,09,01,50,29
1908,11,08,04,21,39
1908,12,07,20,43,13
1909,01,06,07,44,51
1909,02,04,19,32,09
1909,03,06,14,00,24
1909,04,05,19,29,01
1909,05,06,13,30,27
1909,06,06,18,13,34
1909,07,08,04,43,35
1909,08,08,14,22,05
1909,09,08,16,46,13
1909,10,09,07,42,45
1909,11,08,10,12,41
1909,12,08,02,34,27
1910,01,06,13,37,35
1910,02,05,01,27,00
1910,03,06,19,56,11
1910,04,06,01,22,33
1910,05,06,19,18,57
1910,06,06,23,55,59
1910,07,08,10,20,41
1910,08,08,19,56,49
1910,09,08,22,21,50
1910,10,09,13,20,46
1910,11,08,15,53,04
1910,12,08,08,16,33
1911,01,06,19,20,33
1911,02,05,07,09,55
1911,03,07,01,38,30
1911,04,06,07,04,11
1911,05,07,00,59,57
1911,06,07,05,37,32
1911,07,08,16,04,35
1911,08,09,01,44,04
1911,09,09,04,12,55
1911,10,09,19,14,34
1911,11,08,21,46,40
1911,12,08,14,07,14
1912,01,07,01,07,09
1912,02,05,12,53,11
1912,03,06,07,20,39
1912,04,05,12,47,55
1912,05,06,06,46,43
1912,06,06,11,27,09
1912,07,07,21,56,24
1912,08,08,07,36,54
1912,09,08,10,05,22
1912,10,09,01,06,24
1912,11,08,03,38,21
1912,12,07,19,58,36
1913,01,06,06,57,37
1913,02,04,18,42,22
1913,03,06,13,08,40
1913,04,05,18,35,33
1913,05,06,12,34,21
1913,06,06,17,13,07
1913,07,08,03,38,36
1913,08,08,13,15,31
1913,09,08,15,42,05
1913,10,09,06,43,20
1913,11,08,09,17,25
1913,12,08,01,40,44
1914,01,06,12,42,35
1914,02,05,00,29,00
1914,03,06,18,55,33
1914,04,06,00,21,33
1914,05,06,18,19,45
1914,06,06,22,59,39
1914,07,08,09,26,55
1914,08,08,19,04,56
1914,09,08,21,32,11
1914,10,09,12,34,31
1914,11,08,15,10,44
1914,12,08,07,36,50
1915,01,06,18,40,01
1915,02,05,06,25,10
1915,03,07,00,48,00
1915,04,06,06,08,59
1915,05,07,00,02,29
1915,06,07,04,39,52
1915,07,08,15,07,30
1915,08,09,00,47,26
1915,09,09,03,16,51
1915,10,09,18,20,37
1915,11,08,20,57,23
1915,12,08,13,23,38
1916,01,07,00,27,32
1916,02,05,12,13,45
1916,03,06,06,37,07
1916,04,05,11,57,35
1916,05,06,05,49,32
1916,06,06,10,25,26
1916,07,07,20,53,20
1916,08,08,06,34,42
1916,09,08,09,04,45
1916,10,09,00,07,37
1916,11,08,02,42,01
1916,12,07,19,05,57
1917,01,06,06,09,16
1917,02,04,17,57,19
1917,03,06,12,24,35
1917,04,05,17,49,39
1917,05,06,11,45,29
1917,06,06,16,22,58
1917,07,08,02,50,00
1917,08,08,12,29,53
1917,09,08,14,59,07
1917,10,09,06,01,54
1917,11,08,08,36,42
1917,12,08,01,00,48
1918,01,06,12,04,11
1918,02,04,23,52,53
1918,03,06,18,20,43
1918,04,05,23,44,59
1918,05,06,17,37,58
1918,06,06,22,10,46
1918,07,08,08,31,56
1918,08,08,18,07,13
1918,09,08,20,35,14
1918,10,09,11,40,05
1918,11,08,14,18,40
1918,12,08,06,46,19
1919,01,06,17,51,18
1919,02,05,05,39,12
1919,03,07,00,05,16
1919,04,06,05,28,31
1919,05,06,23,21,49
1919,06,07,03,56,26
1919,07,08,14,20,19
1919,08,08,23,57,50
1919,09,09,02,27,27
1919,10,09,17,33,09
1919,11,08,20,11,19
1919,12,08,12,37,36
1920,01,06,23,40,37
1920,02,05,11,26,14
1920,03,06,05,50,50
1920,04,05,11,14,43
1920,05,06,05,11,06
1920,06,06,09,50,12
1920,07,07,20,18,25
1920,08,08,05,58,04
1920,09,08,08,26,22
1920,10,08,23,28,59
1920,11,08,02,04,45
1920,12,07,18,30,07
1921,01,06,05,33,30
1921,02,04,17,20,01
1921,03,06,11,44,59
1921,04,05,17,08,31
1921,05,06,11,04,08
1921,06,06,15,41,16
1921,07,08,02,06,25
1921,08,08,11,43,16
1921,09,08,14,09,30
1921,10,09,05,10,27
1921,11,08,07,45,19
1921,12,08,00,11,14
1922,01,06,11,16,45
1922,02,04,23,06,15
1922,03,06,17,33,40
1922,04,05,22,57,50
1922,05,06,16,52,41
1922,06,06,21,30,06
1922,07,08,07,57,16
1922,08,08,17,36,58
1922,09,08,20,06,09
1922,10,09,11,09,15
1922,11,08,13,45,03
1922,12,08,06,10,29
1923,01,06,17,13,52
1923,02,05,05,00,07
1923,03,06,23,24,16
1923,04,06,04,45,37
1923,05,06,22,38,06
1923,06,07,03,14,10
1923,07,08,13,42,03
1923,08,08,23,24,20
1923,09,09,01,57,00
1923,10,09,17,03,14
1923,11,08,19,40,12
1923,12,08,12,04,25
1924,01,06,23,05,24
1924,02,05,10,49,24
1924,03,06,05,12,03
1924,04,05,10,32,58
1924,05,06,04,25,30
1924,06,06,09,01,22
1924,07,07,19,29,16
1924,08,08,05,12,06
1924,09,08,07,45,22
1924,10,08,22,52,00
1924,11,08,01,29,04
1924,12,07,17,52,51
1925,01,06,04,53,07
1925,02,04,16,36,36
1925,03,06,10,59,41
1925,04,05,16,22,18
1925,05,06,10,17,41
1925,06,06,14,56,14
1925,07,08,01,24,47
1925,08,08,11,06,58
1925,09,08,13,39,53
1925,10,09,04,47,14
1925,11,08,07,26,05
1925,12,07,23,52,08
1926,01,06,10,54,08
1926,02,04,22,38,06
1926,03,06,16,59,31
1926,04,05,22,18,09
1926,05,06,16,08,12
1926,06,06,20,41,30
1926,07,08,07,05,27
1926,08,08,16,44,05
1926,09,08,19,15,44
1926,10,09,10,24,43
1926,11,08,13,07,34
1926,12,08,05,38,31
1927,01,06,16,44,29
1927,02,05,04,29,54
1927,03,06,22,50,07
1927,04,06,04,05,57
1927,05,06,21,52,54
1927,06,07,02,24,37
1927,07,08,12,49,48
1927,08,08,22,31,16
1927,09,09,01,05,19
1927,10,09,16,14,57
1927,11,08,18,56,46
1927,12,08,11,26,11
1928,01,06,22,31,02
1928,02,05,10,16,14
1928,03,06,04,37,05
1928,04,05,09,54,23
1928,05,06,03,43,20
1928,06,06,08,17,00
1928,07,07,18,44,07
1928,08,08,04,27,22
1928,09,08,07,01,37
1928,10,08,22,09,44
1928,11,08,00,49,22
1928,12,07,17,17,08
1929,01,06,04,21,54
1929,02,04,16,08,34
1929,03,06,10,31,49
1929,04,05,15,51,05
1929,05,06,09,40,12
1929,06,06,14,10,40
1929,07,08,00,31,31
1929,08,08,10,08,34
1929,09,08,12,39,28
1929,10,09,03,46,54
1929,11,08,06,27,20
1929,12,07,22,56,16
1930,01,06,10,02,24
1930,02,04,21,50,58
1930,03,06,16,16,25
1930,04,05,21,37,14
1930,05,06,15,26,51
1930,06,06,19,57,53
1930,07,08,06,19,32
1930,08,08,15,56,49
1930,09,08,18,28,14
1930,10,09,09,37,19
1930,11,08,12,20,03
1930,12,08,04,50,28
1931,01,06,15,55,27
1931,02,05,03,40,29
1931,03,06,22,01,57
1931,04,06,03,20,15
1931,05,06,21,09,25
1931,06,07,01,41,37
1931,07,08,12,05,27
1931,08,08,21,44,45
1931,09,09,00,17,10
1931,10,09,15,26,44
1931,11,08,18,09,43
1931,12,08,10,40,07
1932,01,06,21,44,55
1932,02,05,09,29,12
1932,03,06,03,49,10
1932,04,05,09,06,10
1932,05,06,02,54,59
1932,06,06,07,27,36
1932,07,07,17,52,08
1932,08,08,03,31,40
1932,09,08,06,02,43
1932,10,08,21,09,28
1932,11,07,23,49,31
1932,12,07,16,18,13
1933,01,06,03,23,11
1933,02,04,15,09,06
1933,03,06,09,31,16
1933,04,05,14,50,21
1933,05,06,08,41,35
1933,06,06,13,17,11
1933,07,07,23,44,10
1933,08,08,09,25,24
1933,09,08,11,57,18
1933,10,09,03,03,44
1933,11,08,05,42,51
1933,12,07,22,10,58
1934,01,06,09,16,19
1934,02,04,21,03,28
1934,03,06,15,26,09
1934,04,05,20,43,29
1934,05,06,14,30,34
1934,06,06,19,01,12
1934,07,08,05,24,15
1934,08,08,15,03,29
1934,09,08,17,35,59
1934,10,09,08,44,49
1934,11,08,11,26,31
1934,12,08,03,56,23
1935,01,06,15,02,10
1935,02,05,02,48,33
1935,03,06,21,10,01
1935,04,06,02,26,11
1935,05,06,20,11,53
1935,06,07,00,41,26
1935,07,08,11,05,24
1935,08,08,20,47,40
1935,09,08,23,23,55
1935,10,09,14,35,31
1935,11,08,17,17,23
1935,12,08,09,44,42
1936,01,06,20,46,30
1936,02,05,08,29,08
1936,03,06,02,48,57
1936,04,05,08,06,34
1936,05,06,01,56,20
1936,06,06,06,30,30
1936,07,07,16,58,09
1936,08,08,02,43,01
1936,09,08,05,20,25
1936,10,08,20,32,16
1936,11,07,23,14,29
1936,12,07,15,42,05
1937,01,06,02,43,36
1937,02,04,14,25,24
1937,03,06,08,44,16
1937,04,05,14,01,13
1937,05,06,07,50,26
1937,06,06,12,22,41
1937,07,07,22,45,48
1937,08,08,08,25,13
1937,09,08,10,59,16
1937,10,09,02,10,46
1937,11,08,04,55,06
1937,12,07,21,26,09
1938,01,06,08,31,00
1938,02,04,20,14,50
1938,03,06,14,33,37
1938,04,05,19,48,29
1938,05,06,13,35,00
1938,06,06,18,06,29
1938,07,08,04,31,12
1938,08,08,14,12,31
1938,09,08,16,47,58
1938,10,09,08,01,15
1938,11,08,10,48,10
1938,12,08,03,21,50
1939,01,06,14,27,43
1939,02,05,02,10,18
1939,03,06,20,26,01
1939,04,06,01,37,14
1939,05,06,19,20,54
1939,06,06,23,51,30
1939,07,08,10,18,12
1939,08,08,20,03,19
1939,09,08,22,41,53
1939,10,09,13,56,29
1939,11,08,16,43,24
1939,12,08,09,16,54
1940,01,06,20,23,33
1940,02,05,08,07,26
1940,03,06,02,23,50
1940,04,05,07,34,25
1940,05,06,01,16,08
1940,06,06,05,43,54
1940,07,07,16,07,53
1940,08,08,01,51,21
1940,09,08,04,29,06
1940,10,08,19,42,16
1940,11,07,22,26,39
1940,12,07,14,57,43
1941,01,06,02,03,47
1941,02,04,13,49,37
1941,03,06,08,09,58
1941,04,05,13,24,49
1941,05,06,07,09,44
1941,06,06,11,39,05
1941,07,07,22,02,57
1941,08,08,07,45,46
1941,09,08,10,23,41
1941,10,09,01,38,06
1941,11,08,04,23,56
1941,12,07,20,55,52
1942,01,06,08,02,10
1942,02,04,19,48,26
1942,03,06,14,09,12
1942,04,05,19,23,42
1942,05,06,13,06,43
1942,06,06,17,32,25
1942,07,08,03,51,39
1942,08,08,13,30,11
1942,09,08,16,06,00
1942,10,09,07,21,35
1942,11,08,10,11,00
1942,12,08,02,46,40
1943,01,06,13,54,43
1943,02,05,01,39,58
1943,03,06,19,58,26
1943,04,06,01,11,05
1943,05,06,18,53,15
1943,06,06,23,18,51
1943,07,08,09,38,43
1943,08,08,19,18,23
1943,09,08,21,55,02
1943,10,09,13,10,22
1943,11,08,15,58,39
1943,12,08,08,32,45
1944,01,06,19,39,09
1944,02,05,07,22,50
1944,03,06,01,40,20
1944,04,05,06,53,52
1944,05,06,00,39,36
1944,06,06,05,10,46
1944,07,07,15,35,55
1944,08,08,01,18,44
1944,09,08,03,55,25
1944,10,08,19,08,35
1944,11,07,21,54,33
1944,12,07,14,27,33
1945,01,06,01,34,21
1945,02,04,13,19,15
1945,03,06,07,37,54
1945,04,05,12,51,41
1945,05,06,06,36,31
1945,06,06,11,05,19
1945,07,07,21,26,41
1945,08,08,07,04,59
1945,09,08,09,38,03
1945,10,09,00,49,04
1945,11,08,03,34,05
1945,12,07,20,07,35
1946,01,06,07,16,15
1946,02,04,19,03,50
1946,03,06,13,24,34
1946,04,05,18,38,27
1946,05,06,12,21,23
1946,06,06,16,48,36
1946,07,08,03,10,43
1946,08,08,12,51,29
1946,09,08,15,27,20
1946,10,09,06,40,42
1946,11,08,09,27,03
1946,12,08,02,00,06
1947,01,06,13,06,15
1947,02,05,00,50,15
1947,03,06,19,07,51
1947,04,06,00,20,03
1947,05,06,18,02,53
1947,06,06,22,31,07
1947,07,08,08,55,45
1947,08,08,18,40,47
1947,09,08,21,21,00
1947,10,09,12,37,14
1947,11,08,15,24,19
1947,12,08,07,56,07
1948,01,06,19,00,10
1948,02,05,06,41,56
1948,03,06,00,57,49
1948,04,05,06,09,16
1948,05,05,23,52,10
1948,06,06,04,20,16
1948,07,07,14,43,25
1948,08,08,00,26,14
1948,09,08,03,04,55
1948,10,08,18,20,11
1948,11,07,21,06,28
1948,12,07,13,37,34
1949,01,06,00,41,04
1949,02,04,12,22,47
1949,03,06,06,39,13
1949,04,05,11,51,53
1949,05,06,05,36,31
1949,06,06,10,06,44
1949,07,07,20,31,31
1949,08,08,06,14,52
1949,09,08,08,54,06
1949,10,09,00,10,59
1949,11,08,02,59,43
1949,12,07,19,33,22
1950,01,06,06,38,39
1950,02,04,18,20,44
1950,03,06,12,35,23
1950,04,05,17,44,23
1950,05,06,11,24,37
1950,06,06,15,50,57
1950,07,08,02,13,13
1950,08,08,11,55,08
1950,09,08,14,33,37
1950,10,09,05,51,35
1950,11,08,08,43,39
1950,12,08,01,21,37
1951,01,06,12,30,19
1951,02,05,00,13,23
1951,03,06,18,26,38
1951,04,05,23,32,35
1951,05,06,17,09,11
1951,06,06,21,32,29
1951,07,08,07,53,48
1951,08,08,17,37,23
1951,09,08,20,18,08
1951,10,09,11,36,20
1951,11,08,14,26,33
1951,12,08,07,02,16
1952,01,06,18,09,42
1952,02,05,05,52,52
1952,03,06,00,07,16
1952,04,05,05,15,00
1952,05,05,22,53,59
1952,06,06,03,20,17
1952,07,07,13,44,36
1952,08,07,23,30,55
1952,09,08,02,13,38
1952,10,08,17,32,21
1952,11,07,20,21,32
1952,12,07,12,55,30
1953,01,06,00,01,59
1953,02,04,11,45,50
1953,03,06,06,02,23
1953,04,05,11,12,34
1953,05,06,04,52,17
1953,06,06,09,16,03
1953,07,07,19,34,53
1953,08,08,05,14,33
1953,09,08,07,52,42
1953,10,08,23,10,23
1953,11,08,02,00,54
1953,12,07,18,36,56
1954,01,06,05,45,15
1954,02,04,17,30,40
1954,03,06,11,48,30
1954,04,05,16,59,07
1954,05,06,10,38,07
1954,06,06,15,00,48
1954,07,08,01,19,09
1954,08,08,10,59,02
1954,09,08,13,37,50
1954,10,09,04,57,15
1954,11,08,07,50,31
1954,12,08,00,28,28
1955,01,06,11,35,50
1955,02,04,23,17,34
1955,03,06,17,30,55
1955,04,05,22,38,42
1955,05,06,16,17,56
1955,06,06,20,43,23
1955,07,08,07,05,50
1955,08,08,16,50,01
1955,09,08,19,31,43
1955,10,09,10,52,06
1955,11,08,13,45,09
1955,12,08,06,22,46
1956,01,06,17,30,15
1956,02,05,05,11,54
1956,03,05,23,24,26
1956,04,05,04,31,08
1956,05,05,22,09,57
1956,06,06,02,35,47
1956,07,07,12,58,01
1956,08,07,22,40,12
1956,09,08,01,18,54
1956,10,08,16,35,51
1956,11,07,19,25,53
1956,12,07,12,02,05
1957,01,05,23,10,23
1957,02,04,10,54,37
1957,03,06,05,10,05
1957,04,05,10,18,47
1957,05,06,03,58,21
1957,06,06,08,24,43
1957,07,07,18,48,09
1957,08,08,04,32,03
1957,09,08,07,12,11
1957,10,08,22,29,56
1957,11,08,01,20,01
1957,12,07,17,55,56
1958,01,06,05,04,21
1958,02,04,16,49,11
1958,03,06,11,04,51
1958,04,05,16,12,20
1958,05,06,09,49,11
1958,06,06,14,12,12
1958,07,08,00,33,25
1958,08,08,10,17,11
1958,09,08,12,58,49
1958,10,09,04,19,09
1958,11,08,07,11,54
1958,12,07,23,49,37
1959,01,06,10,58,19
1959,02,04,22,42,11
1959,03,06,16,56,36
1959,04,05,22,03,03
1959,05,06,15,38,44
1959,06,06,20,00,04
1959,07,08,06,19,52
1959,08,08,16,04,06
1959,09,08,18,47,54
1959,10,09,10,09,48
1959,11,08,13,02,05
1959,12,08,05,37,18
1960,01,06,16,42,29
1960,02,05,04,23,09
1960,03,05,22,36,07
1960,04,05,03,43,34
1960,05,05,21,22,35
1960,06,06,01,48,35
1960,07,07,12,12,40
1960,08,07,21,59,47
1960,09,08,00,45,23
1960,10,08,16,08,40
1960,11,07,19,02,02
1960,12,07,11,37,45
1961,01,05,22,42,37
1961,02,04,10,22,25
1961,03,06,04,34,40
1961,04,05,09,42,07
1961,05,06,03,21,17
1961,06,06,07,46,01
1961,07,07,18,06,37
1961,08,08,03,48,22
1961,09,08,06,29,13
1961,10,08,21,50,56
1961,11,08,00,46,13
1961,12,07,17,25,55
1962,01,06,04,34,57
1962,02,04,16,17,23
1962,03,06,10,29,31
1962,04,05,15,34,16
1962,05,06,09,09,31
1962,06,06,13,31,17
1962,07,07,23,51,08
1962,08,08,09,33,43
1962,09,08,12,15,23
1962,10,09,03,37,55
1962,11,08,06,34,56
1962,12,07,23,16,41
1963,01,06,10,26,28
1963,02,04,22,07,46
1963,03,06,16,17,11
1963,04,05,21,18,41
1963,05,06,14,52,00
1963,06,06,19,14,27
1963,07,08,05,37,38
1963,08,08,15,25,26
1963,09,08,18,11,53
1963,10,09,09,36,15
1963,11,08,12,32,21
1963,12,08,05,12,39
1964,01,06,16,22,22
1964,02,05,04,04,58
1964,03,05,22,16,03
1964,04,05,03,18,24
1964,05,05,20,51,05
1964,06,06,01,11,47
1964,07,07,11,32,12
1964,08,07,21,16,13
1964,09,07,23,59,31
1964,10,08,15,21,34
1964,11,07,18,15,10
1964,12,07,10,53,07
1965,01,05,22,02,02
1965,02,04,09,46,09
1965,03,06,04,00,40
1965,04,05,09,06,45
1965,05,06,02,41,34
1965,06,06,07,02,08
1965,07,07,17,21,25
1965,08,08,03,04,38
1965,09,08,05,47,53
1965,10,08,21,11,11
1965,11,08,00,06,37
1965,12,07,16,45,37
1966,01,06,03,54,25
1966,02,04,15,37,53
1966,03,06,09,51,25
1966,04,05,14,56,32
1966,05,06,08,30,30
1966,06,06,12,49,41
1966,07,07,23,07,05
1966,08,08,08,49,03
1966,09,08,11,32,08
1966,10,09,02,56,49
1966,11,08,05,55,20
1966,12,07,22,37,50
1967,01,06,09,48,25
1967,02,04,21,30,54
1967,03,06,15,41,58
1967,04,05,20,44,45
1967,05,06,14,17,29
1967,06,06,18,36,23
1967,07,08,04,53,24
1967,08,08,14,34,57
1967,09,08,17,17,47
1967,10,09,08,41,15
1967,11,08,11,37,28
1967,12,08,04,17,33
1968,01,06,15,26,16
1968,02,05,03,07,30
1968,03,05,21,17,51
1968,04,05,02,21,00
1968,05,05,19,55,54
1968,06,06,00,19,12
1968,07,07,10,41,44
1968,08,07,20,27,19
1968,09,07,23,11,32
1968,10,08,14,34,31
1968,11,07,17,29,22
1968,12,07,10,08,21
1969,01,05,21,16,55
1969,02,04,08,59,00
1969,03,06,03,10,40
1969,04,05,08,14,57
1969,05,06,01,49,53
1969,06,06,06,11,36
1969,07,07,16,31,38
1969,08,08,02,14,14
1969,09,08,04,55,33
1969,10,08,20,16,46
1969,11,07,23,11,27
1969,12,07,15,51,25
1970,01,06,03,01,48
1970,02,04,14,45,53
1970,03,06,08,58,36
1970,04,05,14,01,53
1970,05,06,07,33,55
1970,06,06,11,52,22
1970,07,07,22,10,41
1970,08,08,07,54,15
1970,09,08,10,38,03
1970,10,09,02,01,41
1970,11,08,04,57,52
1970,12,07,21,37,27
1971,01,06,08,45,13
1971,02,04,20,25,33
1971,03,06,14,34,51
1971,04,05,19,36,07
1971,05,06,13,08,15
1971,06,06,17,28,59
1971,07,08,03,51,17
1971,08,08,13,40,21
1971,09,08,16,30,21
1971,10,09,07,58,41
1971,11,08,10,56,45
1971,12,08,03,35,52
1972,01,06,14,41,51
1972,02,05,02,20,12
1972,03,05,20,28,04
1972,04,05,01,28,51
1972,05,05,19,01,10
1972,06,05,23,21,58
1972,07,07,09,42,54
1972,08,07,19,28,30
1972,09,07,22,15,06
1972,10,08,13,41,46
1972,11,07,16,39,24
1972,12,07,09,18,43
1973,01,05,20,25,18
1973,02,04,08,04,09
1973,03,06,02,12,35
1973,04,05,07,13,51
1973,05,06,00,46,21
1973,06,06,05,06,49
1973,07,07,15,27,20
1973,08,08,01,12,48
1973,09,08,03,59,23
1973,10,08,19,27,14
1973,11,07,22,27,37
1973,12,07,15,10,23
1974,01,06,02,19,57
1974,02,04,14,00,05
1974,03,06,08,07,07
1974,04,05,13,04,59
1974,05,06,06,33,52
1974,06,06,10,51,40
1974,07,07,21,11,06
1974,08,08,06,57,11
1974,09,08,09,45,05
1974,10,09,01,14,39
1974,11,08,04,17,58
1974,12,07,21,04,38
1975,01,06,08,17,30
1975,02,04,19,59,11
1975,03,06,14,05,44
1975,04,05,19,01,28
1975,05,06,12,27,10
1975,06,06,16,42,00
1975,07,08,02,59,23
1975,08,08,12,44,52
1975,09,08,15,33,17
1975,10,09,07,02,03
1975,11,08,10,02,36
1975,12,08,02,46,10
1976,01,06,13,57,22
1976,02,05,01,39,27
1976,03,05,19,48,07
1976,04,05,00,46,27
1976,05,05,18,14,24
1976,06,05,22,31,14
1976,07,07,08,50,50
1976,08,07,18,38,21
1976,09,07,21,28,13
1976,10,08,12,58,03
1976,11,07,15,58,35
1976,12,07,08,40,57
1977,01,05,19,51,01
1977,02,04,07,33,22
1977,03,06,01,44,07
1977,04,05,06,45,43
1977,05,06,00,15,59
1977,06,06,04,32,01
1977,07,07,14,47,52
1977,08,08,00,30,13
1977,09,08,03,15,40
1977,10,08,18,43,56
1977,11,07,21,45,49
1977,12,07,14,30,49
1978,01,06,01,43,12
1978,02,04,13,26,58
1978,03,06,07,38,11
1978,04,05,12,39,20
1978,05,06,06,08,33
1978,06,06,10,23,06
1978,07,07,20,36,57
1978,08,08,06,17,40
1978,09,08,09,02,24
1978,10,09,00,30,55
1978,11,08,03,34,03
1978,12,07,20,20,02
1979,01,06,07,31,32
1979,02,04,19,12,16
1979,03,06,13,19,35
1979,04,05,18,17,56
1979,05,06,11,47,10
1979,06,06,16,05,11
1979,07,08,02,24,37
1979,08,08,12,10,54
1979,09,08,14,59,44
1979,10,09,06,30,02
1979,11,08,09,32,47
1979,12,08,02,17,47
1980,01,06,13,28,52
1980,02,05,01,09,29
1980,03,05,19,16,29
1980,04,05,00,14,41
1980,05,05,17,44,29
1980,06,05,22,03,45
1980,07,07,08,23,57
1980,08,07,18,08,31
1980,09,07,20,53,28
1980,10,08,12,19,15
1980,11,07,15,18,15
1980,12,07,08,01,16
1981,01,05,19,12,40
1981,02,04,06,55,23
1981,03,06,01,05,07
1981,04,05,06,05,02
1981,05,05,23,34,47
1981,06,06,03,52,39
1981,07,07,14,11,51
1981,08,07,23,57,10
1981,09,08,02,43,13
1981,10,08,18,09,32
1981,11,07,21,08,29
1981,12,07,13,51,15
1982,01,06,01,02,34
1982,02,04,12,45,29
1982,03,06,06,54,35
1982,04,05,11,52,41
1982,05,06,05,20,00
1982,06,06,09,35,54
1982,07,07,19,54,34
1982,08,08,05,41,44
1982,09,08,08,31,42
1982,10,09,00,02,08
1982,11,08,03,04,05
1982,12,07,19,48,04
1983,01,06,06,58,43
1983,02,04,18,39,42
1983,03,06,12,47,12
1983,04,05,17,44,21
1983,05,06,11,10,49
1983,06,06,15,25,41
1983,07,08,01,43,12
1983,08,08,11,29,36
1983,09,08,14,20,01
1983,10,09,05,51,03
1983,11,08,08,52,11
1983,12,08,01,33,40
1984,01,06,12,40,50
1984,02,05,00,18,45
1984,03,05,18,24,40
1984,04,04,23,22,19
1984,05,05,16,50,57
1984,06,05,21,08,37
1984,07,07,07,29,07
1984,08,07,17,17,53
1984,09,07,20,09,50
1984,10,08,11,42,34
1984,11,07,14,45,32
1984,12,07,07,28,03
1985,01,05,18,35,06
1985,02,04,06,11,49
1985,03,06,00,16,23
1985,04,05,05,13,34
1985,05,05,22,42,32
1985,06,06,02,59,55
1985,07,07,13,18,35
1985,08,07,23,04,15
1985,09,08,01,53,02
1985,10,08,17,24,32
1985,11,07,20,29,27
1985,12,07,13,16,19
1986,01,06,00,28,02
1986,02,04,12,07,41
1986,03,06,06,12,08
1986,04,05,11,06,06
1986,05,06,04,30,36
1986,06,06,08,44,22
1986,07,07,19,00,45
1986,08,08,04,45,37
1986,09,08,07,34,36
1986,10,08,23,06,45
1986,11,08,02,12,49
1986,12,07,19,00,57
1987,01,06,06,13,00
1987,02,04,17,51,40
1987,03,06,11,53,36
1987,04,05,16,44,07
1987,05,06,10,05,34
1987,06,06,14,18,58
1987,07,08,00,38,40
1987,08,08,10,29,13
1987,09,08,13,24,06
1987,10,09,04,59,39
1987,11,08,08,05,40
1987,12,08,00,52,14
1988,01,06,12,03,31
1988,02,04,23,42,48
1988,03,05,17,46,32
1988,04,04,22,39,03
1988,05,05,16,01,43
1988,06,05,20,14,53
1988,07,07,06,32,54
1988,08,07,16,20,16
1988,09,07,19,11,31
1988,10,08,10,44,28
1988,11,07,13,48,54
1988,12,07,06,34,27
1989,01,05,17,45,58
1989,02,04,05,27,10
1989,03,05,23,34,10
1989,04,05,04,29,55
1989,05,05,21,53,55
1989,06,06,02,05,13
1989,07,07,12,19,26
1989,08,07,22,03,53
1989,09,08,00,53,55
1989,10,08,16,27,20
1989,11,07,19,33,32
1989,12,07,12,20,57
1990,01,05,23,33,14
1990,02,04,11,14,00
1990,03,06,05,19,17
1990,04,05,10,12,55
1990,05,06,03,35,25
1990,06,06,07,46,18
1990,07,07,18,00,29
1990,08,08,03,45,32
1990,09,08,06,37,28
1990,10,08,22,13,47
1990,11,08,01,23,29
1990,12,07,18,14,11
1991,01,06,05,28,07
1991,02,04,17,08,22
1991,03,06,11,12,16
1991,04,05,16,04,42
1991,05,06,09,26,52
1991,06,06,13,38,17
1991,07,07,23,53,00
1991,08,08,09,37,15
1991,09,08,12,27,22
1991,10,09,04,01,07
1991,11,08,07,07,51
1991,12,07,23,56,02
1992,01,06,11,08,31
1992,02,04,22,48,17
1992,03,05,16,52,06
1992,04,04,21,45,08
1992,05,05,15,08,39
1992,06,05,19,22,19
1992,07,07,05,40,15
1992,08,07,15,27,23
1992,09,07,18,18,19
1992,10,08,09,51,27
1992,11,07,12,57,01
1992,12,07,05,44,12
1993,01,05,16,56,32
1993,02,04,04,37,09
1993,03,05,22,42,33
1993,04,05,03,37,10
1993,05,05,21,01,43
1993,06,06,01,15,13
1993,07,07,11,32,01
1993,08,07,21,17,58
1993,09,08,00,07,47
1993,10,08,15,40,01
1993,11,07,18,45,32
1993,12,07,11,33,49
1994,01,05,22,48,05
1994,02,04,10,30,55
1994,03,06,04,37,40
1994,04,05,09,31,46
1994,05,06,02,54,05
1994,06,06,07,04,52
1994,07,07,17,19,20
1994,08,08,03,04,19
1994,09,08,05,55,05
1994,10,08,21,29,04
1994,11,08,00,35,36
1994,12,07,17,22,54
1995,01,06,04,34,05
1995,02,04,16,12,50
1995,03,06,10,16,03
1995,04,05,15,08,06
1995,05,06,08,30,04
1995,06,06,12,42,28
1995,07,07,23,00,59
1995,08,08,08,51,43
1995,09,08,11,48,34
1995,10,09,03,27,12
1995,11,08,06,35,36
1995,12,07,23,22,15
1996,01,06,10,31,26
1996,02,04,22,07,52
1996,03,05,16,09,38
1996,04,04,21,01,59
1996,05,05,14,25,59
1996,06,05,18,40,46
1996,07,07,05,00,00
1996,08,07,14,48,48
1996,09,07,17,42,24
1996,10,08,09,18,41
1996,11,07,12,26,34
1996,12,07,05,14,00
1997,01,05,16,24,29
1997,02,04,04,01,58
1997,03,05,22,04,08
1997,04,05,02,56,17
1997,05,05,20,19,28
1997,06,06,00,32,32
1997,07,07,10,49,22
1997,08,07,20,36,16
1997,09,07,23,28,48
1997,10,08,15,05,09
1997,11,07,18,14,38
1997,12,07,11,04,51
1998,01,05,22,18,08
1998,02,04,09,56,49
1998,03,06,03,57,13
1998,04,05,08,44,56
1998,05,06,02,03,09
1998,06,06,06,13,23
1998,07,07,16,30,25
1998,08,08,02,19,49
1998,09,08,05,15,54
1998,10,08,20,55,45
1998,11,08,00,08,23
1998,12,07,17,01,36
1999,01,06,04,17,09
1999,02,04,15,57,03
1999,03,06,09,57,43
1999,04,05,14,44,37
1999,05,06,08,01,00
1999,06,06,12,09,07
1999,07,07,22,24,58
1999,08,08,08,14,06
1999,09,08,11,09,59
1999,10,09,02,48,21
1999,11,08,05,57,52
1999,12,07,22,47,27
2000,01,06,10,00,41
2000,02,04,21,40,23
2000,03,05,15,42,39
2000,04,04,20,31,58
2000,05,05,13,50,09
2000,06,05,17,58,33
2000,07,07,04,13,56
2000,08,07,14,02,58
2000,09,07,16,59,09
2000,10,08,08,38,11
2000,11,07,11,48,04
2000,12,07,04,37,03
2001,01,05,15,49,16
2001,02,04,03,28,51
2001,03,05,21,32,30
2001,04,05,02,24,22
2001,05,05,19,44,50
2001,06,05,23,53,36
2001,07,07,10,06,42
2001,08,07,19,52,21
2001,09,07,22,46,11
2001,10,08,14,25,01
2001,11,07,17,36,52
2001,12,07,10,28,53
2002,01,05,21,43,29
2002,02,04,09,24,05
2002,03,06,03,27,32
2002,04,05,08,18,16
2002,05,06,01,37,17
2002,06,06,05,44,46
2002,07,07,15,56,12
2002,08,08,01,39,18
2002,09,08,04,31,03
2002,10,08,20,09,18
2002,11,07,23,21,49
2002,12,07,16,14,14
2003,01,06,03,27,44
2003,02,04,15,05,21
2003,03,06,09,04,54
2003,04,05,13,52,30
2003,05,06,07,10,30
2003,06,06,11,19,44
2003,07,07,21,35,40
2003,08,08,07,24,18
2003,09,08,10,20,14
2003,10,09,02,00,32
2003,11,08,05,13,11
2003,12,07,22,05,09
2004,01,06,09,18,31
2004,02,04,20,56,13
2004,03,05,14,55,37
2004,04,04,19,43,18
2004,05,05,13,02,27
2004,06,05,17,13,45
2004,07,07,03,31,16
2004,08,07,13,19,36
2004,09,07,16,12,55
2004,10,08,07,49,18
2004,11,07,10,58,33
2004,12,07,03,48,58
2005,01,05,15,03,00
2005,02,04,02,43,03
2005,03,05,20,45,11
2005,04,05,01,34,16
2005,05,05,18,52,50
2005,06,05,23,01,53
2005,07,07,09,16,35
2005,08,07,19,03,22
2005,09,07,21,56,40
2005,10,08,13,33,19
2005,11,07,16,42,27
2005,12,07,09,32,42
2006,01,05,20,46,58
2006,02,04,08,27,17
2006,03,06,02,28,37
2006,04,05,07,15,28
2006,05,06,00,30,37
2006,06,06,04,36,57
2006,07,07,14,51,27
2006,08,08,00,40,48
2006,09,08,03,39,02
2006,10,08,19,21,22
2006,11,07,22,34,49
2006,12,07,15,26,47
2007,01,06,02,40,11
2007,02,04,14,18,14
2007,03,06,08,17,59
2007,04,05,13,04,39
2007,05,06,06,20,23
2007,06,06,10,27,05
2007,07,07,20,41,44
2007,08,08,06,31,14
2007,09,08,09,29,27
2007,10,09,01,11,29
2007,11,08,04,24,01
2007,12,07,21,14,04
2008,01,06,08,24,50
2008,02,04,20,00,25
2008,03,05,13,58,49
2008,04,04,18,45,51
2008,05,05,12,03,25
2008,06,05,16,11,44
2008,07,07,02,26,50
2008,08,07,12,16,11
2008,09,07,15,14,09
2008,10,08,06,56,38
2008,11,07,10,10,33
2008,12,07,03,02,18
2009,01,05,14,14,08
2009,02,04,01,49,48
2009,03,05,19,47,33
2009,04,05,00,33,46
2009,05,05,17,50,50
2009,06,05,21,59,04
2009,07,07,08,13,30
2009,08,07,18,01,10
2009,09,07,20,57,36
2009,10,08,12,40,03
2009,11,07,15,56,14
2009,12,07,08,52,13
2010,01,05,20,08,46
2010,02,04,07,47,52
2010,03,06,01,46,21
2010,04,05,06,30,28
2010,05,05,23,44,01
2010,06,06,03,49,24
2010,07,07,14,02,24
2010,08,07,23,49,08
2010,09,08,02,44,42
2010,10,08,18,26,30
2010,11,07,21,42,30
2010,12,07,14,38,24
2011,01,06,01,54,38
2011,02,04,13,32,56
2011,03,06,07,29,59
2011,04,05,12,11,59
2011,05,06,05,23,14
2011,06,06,09,27,21
2011,07,07,19,42,02
2011,08,08,05,33,27
2011,09,08,08,34,14
2011,10,09,00,19,05
2011,11,08,03,34,56
2011,12,07,20,29,00
2012,01,06,07,43,56
2012,02,04,19,22,23
2012,03,05,13,21,03
2012,04,04,18,05,35
2012,05,05,11,19,40
2012,06,05,15,25,54
2012,07,07,01,40,43
2012,08,07,11,30,33
2012,09,07,14,29,00
2012,10,08,06,11,41
2012,11,07,09,25,58
2012,12,07,02,18,57
2013,01,05,13,33,38
2013,02,04,01,13,26
2013,03,05,19,14,51
2013,04,05,00,02,27
2013,05,05,17,18,11
2013,06,05,21,23,21
2013,07,07,07,34,37
2013,08,07,17,20,21
2013,09,07,20,16,16
2013,10,08,11,58,30
2013,11,07,15,13,52
2013,12,07,08,08,33
2014,01,05,19,24,10
2014,02,04,07,03,18
2014,03,06,01,02,15
2014,04,05,05,46,39
2014,05,05,22,59,26
2014,06,06,03,03,03
2014,07,07,13,14,46
2014,08,07,23,02,29
2014,09,08,02,01,26
2014,10,08,17,47,30
2014,11,07,21,06,41
2014,12,07,14,04,06
2015,01,06,01,20,34
2015,02,04,12,58,28
2015,03,06,06,55,41
2015,04,05,11,39,08
2015,05,06,04,52,36
2015,06,06,08,58,12
2015,07,07,19,12,16
2015,08,08,05,01,23
2015,09,08,07,59,34
2015,10,08,23,42,50
2015,11,08,02,58,38
2015,12,07,19,53,22
2016,01,06,07,08,22
2016,02,04,18,46,01
2016,03,05,12,43,32
2016,04,04,17,27,31
2016,05,05,10,41,53
2016,06,05,14,48,31
2016,07,07,01,03,22
2016,08,07,10,53,02
2016,09,07,13,51,06
2016,10,08,05,33,23
2016,11,07,08,47,42
2016,12,07,01,41,09
2017,01,05,12,55,43
2017,02,04,00,34,03
2017,03,05,18,32,43
2017,04,04,23,17,20
2017,05,05,16,31,03
2017,06,05,20,36,37
2017,07,07,06,50,42
2017,08,07,16,40,01
2017,09,07,19,38,38
2017,10,08,11,22,08
2017,11,07,14,37,50
2017,12,07,07,32,38
2018,01,05,18,48,43
2018,02,04,06,28,30
2018,03,06,00,28,12
2018,04,05,05,12,47
2018,05,05,22,25,21
2018,06,06,02,29,08
2018,07,07,12,41,52
2018,08,07,22,30,41
2018,09,08,01,29,43
2018,10,08,17,14,43
2018,11,07,20,31,45
2018,12,07,13,25,55
2019,01,06,00,38,58
2019,02,04,12,14,19
2019,03,06,06,09,46
2019,04,05,10,51,26
2019,05,06,04,02,46
2019,06,06,08,06,23
2019,07,07,18,20,31
2019,08,08,04,13,04
2019,09,08,07,16,53
2019,10,08,23,05,39
2019,11,08,02,24,23
2019,12,07,19,18,27
2020,01,06,06,30,05
2020,02,04,18,03,20
2020,03,05,11,56,52
2020,04,04,16,38,10
2020,05,05,09,51,23
2020,06,05,13,58,26
2020,07,07,00,14,27
2020,08,07,10,06,11
2020,09,07,13,08,02
2020,10,08,04,55,15
2020,11,07,08,13,56
2020,12,07,01,09,30
2021,01,05,12,23,27
2021,02,03,23,58,48
2021,03,05,17,53,42
2021,04,04,22,35,06
2021,05,05,15,47,11
2021,06,05,19,52,07
2021,07,07,06,05,29
2021,08,07,15,53,59
2021,09,07,18,52,57
2021,10,08,10,39,03
2021,11,07,13,58,46
2021,12,07,06,57,05
2022,01,05,18,14,02
2022,02,04,05,50,47
2022,03,05,23,43,46
2022,04,05,04,20,14
2022,05,05,21,25,57
2022,06,06,01,25,49
2022,07,07,11,38,00
2022,08,07,21,29,10
2022,09,08,00,32,18
2022,10,08,16,22,28
2022,11,07,19,45,30
2022,12,07,12,46,16
2023,01,06,00,04,50
2023,02,04,11,42,35
2023,03,06,05,36,14
2023,04,05,10,13,03
2023,05,06,03,18,46
2023,06,06,07,18,21
2023,07,07,17,30,42
2023,08,08,03,22,53
2023,09,08,06,26,42
2023,10,08,22,15,36
2023,11,08,01,35,36
2023,12,07,18,32,58
2024,01,06,05,49,21
2024,02,04,17,27,08
2024,03,05,11,22,47
2024,04,04,16,02,18
2024,05,05,09,10,05
2024,06,05,13,09,53
2024,07,06,23,20,03
2024,08,07,09,09,16
2024,09,07,12,11,21
2024,10,08,03,59,57
2024,11,07,07,20,05
2024,12,07,00,17,03
2025,01,05,11,32,47
2025,02,03,23,10,30
2025,03,05,17,07,18
2025,04,04,21,48,33
2025,05,05,14,57,12
2025,06,05,18,56,32
2025,07,07,05,05,00
2025,08,07,14,51,35
2025,09,07,17,51,57
2025,10,08,09,41,13
2025,11,07,13,04,03
2025,12,07,06,04,35
2026,01,05,17,23,11
2026,02,04,05,02,07
2026,03,05,22,59,00
2026,04,05,03,39,59
2026,05,05,20,48,43
2026,06,06,00,48,21
2026,07,07,10,56,57
2026,08,07,20,42,44
2026,09,07,23,41,17
2026,10,08,15,29,18
2026,11,07,18,52,04
2026,12,07,11,52,31
2027,01,05,23,09,56
2027,02,04,10,46,18
2027,03,06,04,39,31
2027,04,05,09,17,29
2027,05,06,02,25,12
2027,06,06,06,25,47
2027,07,07,16,37,04
2027,08,08,02,26,46
2027,09,08,05,28,28
2027,10,08,21,17,05
2027,11,08,00,38,34
2027,12,07,17,37,41
2028,01,06,04,54,40
2028,02,04,16,31,15
2028,03,05,10,24,47
2028,04,04,15,03,05
2028,05,05,08,12,10
2028,06,05,12,15,59
2028,07,06,22,30,18
2028,08,07,08,21,10
2028,09,07,11,22,08
2028,10,08,03,08,30
2028,11,07,06,27,16
2028,12,06,23,24,40
2029,01,05,10,41,54
2029,02,03,22,20,46
2029,03,05,16,17,35
2029,04,04,20,58,21
2029,05,05,14,07,45
2029,06,05,18,09,58
2029,07,07,04,22,25
2029,08,07,14,11,45
2029,09,07,17,11,54
2029,10,08,08,58,08
2029,11,07,12,16,45
2029,12,07,05,13,48
2030,01,05,16,30,34
2030,02,04,04,08,28
2030,03,05,22,03,17
2030,04,05,02,41,00
2030,05,05,19,46,18
2030,06,05,23,44,29
2030,07,07,09,55,29
2030,08,07,19,47,20
2030,09,07,22,52,51
2030,10,08,14,45,16
2030,11,07,18,08,44
2030,12,07,11,07,38
2031,01,05,22,23,09
2031,02,04,09,58,18
2031,03,06,03,51,02
2031,04,05,08,28,22
2031,05,06,01,35,12
2031,06,06,05,35,42
2031,07,07,15,48,52
2031,08,08,01,42,56
2031,09,08,04,50,10
2031,10,08,20,42,59
2031,11,08,00,05,41
2031,12,07,17,02,54
2032,01,06,04,16,07
2032,02,04,15,48,58
2032,03,05,09,40,13
2032,04,04,14,17,36
2032,05,05,07,25,52
2032,06,05,11,27,59
2032,07,06,21,40,55
2032,08,07,07,32,43
2032,09,07,10,37,54
2032,10,08,02,30,23
2032,11,07,05,54,16
2032,12,06,22,53,20
2033,01,05,10,08,08
2033,02,03,21,41,36
2033,03,05,15,32,21
2033,04,04,20,08,08
2033,05,05,13,13,47
2033,06,05,17,13,26
2033,07,07,03,24,58
2033,08,07,13,15,46
2033,09,07,16,20,22
2033,10,08,08,13,57
2033,11,07,11,41,06
2033,12,07,04,44,57
2034,01,05,16,04,31
2034,02,04,03,41,11
2034,03,05,21,32,25
2034,04,05,02,06,15
2034,05,05,19,09,09
2034,06,05,23,06,41
2034,07,07,09,17,39
2034,08,07,19,09,08
2034,09,07,22,14,00
2034,10,08,14,07,07
2034,11,07,17,33,40
2034,12,07,10,36,50
2035,01,05,21,55,43
2035,02,04,09,31,34
2035,03,06,03,21,39
2035,04,05,07,53,52
2035,05,06,00,54,58
2035,06,06,04,50,50
2035,07,07,15,01,11
2035,08,08,00,54,21
2035,09,08,04,02,31
2035,10,08,19,57,41
2035,11,07,23,23,53
2035,12,07,16,25,32
2036,01,06,03,43,31
2036,02,04,15,19,57
2036,03,05,09,11,51
2036,04,04,13,46,18
2036,05,05,06,49,24
2036,06,05,10,47,01
2036,07,06,20,57,33
2036,08,07,06,48,56
2036,09,07,09,55,00
2036,10,08,01,48,59
2036,11,07,05,14,41
2036,12,06,22,16,02
2037,01,05,09,34,05
2037,02,03,21,11,38
2037,03,05,15,06,12
2037,04,04,19,44,03
2037,05,05,12,49,29
2037,06,05,16,46,52
2037,07,07,02,55,10
2037,08,07,12,43,04
2037,09,07,15,45,35
2037,10,08,07,37,52
2037,11,07,11,04,07
2037,12,07,04,07,20
2038,01,05,15,26,51
2038,02,04,03,03,50
2038,03,05,20,55,32
2038,04,05,01,29,30
2038,05,05,18,31,13
2038,06,05,22,25,40
2038,07,07,08,32,33
2038,08,07,18,21,21
2038,09,07,21,26,19
2038,10,08,13,21,37
2038,11,07,16,50,53
2038,12,07,09,56,24
2039,01,05,21,16,41
2039,02,04,08,52,57
2039,03,06,02,43,04
2039,04,05,07,15,49
2039,05,06,00,18,10
2039,06,06,04,15,31
2039,07,07,14,26,11
2039,08,08,00,18,09
2039,09,08,03,24,05
2039,10,08,19,17,20
2039,11,07,22,42,55
2039,12,07,15,45,07
2040,01,06,03,03,38
2040,02,04,14,39,57
2040,03,05,08,31,17
2040,04,04,13,05,34
2040,05,05,06,09,24
2040,06,05,10,08,04
2040,07,06,20,19,16
2040,08,07,06,10,05
2040,09,07,09,14,08
2040,10,08,01,05,34
2040,11,07,04,29,20
2040,12,06,21,30,05
2041,01,05,08,48,09
2041,02,03,20,25,11
2041,03,05,14,17,53
2041,04,04,18,52,38
2041,05,05,11,54,32
2041,06,05,15,49,49
2041,07,07,01,58,32
2041,08,07,11,48,45
2041,09,07,14,53,36
2041,10,08,06,47,02
2041,11,07,10,13,10
2041,12,07,03,15,51
2042,01,05,14,35,12
2042,02,04,02,12,54
2042,03,05,20,05,50
2042,04,05,00,40,42
2042,05,05,17,42,54
2042,06,05,21,38,16
2042,07,07,07,47,20
2042,08,07,17,38,52
2042,09,07,20,45,31
2042,10,08,12,40,37
2042,11,07,16,07,42
2042,12,07,09,09,17
2043,01,05,20,25,25
2043,02,04,07,58,50
2043,03,06,01,47,50
2043,04,05,06,20,19
2043,05,05,23,22,07
2043,06,06,03,18,13
2043,07,07,13,27,54
2043,08,07,23,20,50
2043,09,08,02,30,15
2043,10,08,18,27,48
2043,11,07,21,55,54
2043,12,07,14,57,27
2044,01,06,02,12,35
2044,02,04,13,44,23
2044,03,05,07,31,40
2044,04,04,12,03,09
2044,05,05,05,05,33
2044,06,05,09,04,05
2044,07,06,19,15,59
2044,08,07,05,08,40
2044,09,07,08,16,35
2044,10,08,00,13,22
2044,11,07,03,42,03
2044,12,06,20,45,16
2045,01,05,08,02,36
2045,02,03,19,36,21
2045,03,05,13,25,07
2045,04,04,17,57,21
2045,05,05,10,59,36
2045,06,05,14,57,06
2045,07,07,01,08,11
2045,08,07,10,59,47
2045,09,07,14,05,34
2045,10,08,06,00,45
2045,11,07,09,29,57
2045,12,07,02,35,40
2046,01,05,13,56,05
2046,02,04,01,31,12
2046,03,05,19,17,53
2046,04,04,23,45,03
2046,05,05,16,40,47
2046,06,05,20,32,21
2046,07,07,06,40,23
2046,08,07,16,33,26
2046,09,07,19,43,23
2046,10,08,11,42,31
2046,11,07,15,14,16
2046,12,07,08,21,24
2047,01,05,19,42,29
2047,02,04,07,18,08
2047,03,06,01,05,25
2047,04,05,05,32,48
2047,05,05,22,28,39
2047,06,06,02,20,59
2047,07,07,12,30,36
2047,08,07,22,26,02
2047,09,08,01,38,18
2047,10,08,17,37,48
2047,11,07,21,07,27
2047,12,07,14,11,10
2048,01,06,01,29,32
2048,02,04,13,04,46
2048,03,05,06,54,14
2048,04,04,11,25,24
2048,05,05,04,24,37
2048,06,05,08,18,27
2048,07,06,18,26,57
2048,08,07,04,18,59
2048,09,07,07,28,13
2048,10,07,23,26,51
2048,11,07,02,56,58
2048,12,06,20,00,57
2049,01,05,07,18,52
2049,02,03,18,53,31
2049,03,05,12,43,05
2049,04,04,17,14,31
2049,05,05,10,12,47
2049,06,05,14,03,53
2049,07,07,00,08,59
2049,08,07,09,58,05
2049,09,07,13,05,43
2049,10,08,05,05,11
2049,11,07,08,38,34
2049,12,07,01,46,49
2050,01,05,13,08,02
2050,02,04,00,43,57
2050,03,05,18,32,52
2050,04,04,23,03,22
2050,05,05,16,02,07
2050,06,05,19,55,01
2050,07,07,06,02,04
2050,08,07,15,52,40
2050,09,07,19,00,49
2050,10,08,11,00,19
2050,11,07,14,33,51
2050,12,07,07,41,57